GeoFips,State,Income
1000,Alabama,41521
2000,Alaska ,58950
4000,Arizona,46552
5000,Arkansas,43345
6000,California,60593
8000,Colorado,56643
9000,Connecticut,66304
10000,Delaware,49549
11000,District of Columbia,75991
12000,Florida,50575
13000,Georgia,46500
15000,Hawaii ,51236
16000,Idaho,43639
17000,Illinois,54552
18000,Indiana,46660
19000,Iowa,47831
20000,Kansas,50198
21000,Kentucky,42467
22000,Louisiana,46712
23000,Maine,48503
24000,Maryland,56734
25000,Massachusetts,65751
26000,Michigan,47500
27000,Minnesota,53928
28000,Mississippi,39214
29000,Missouri,46576
30000,Montana,47878
31000,Nebraska,51429
32000,Nevada,49146
33000,New Hampshire,60205
34000,New Jersey,61290
35000,New Mexico,42576
36000,New York,60225
37000,North Carolina,45679
38000,North Dakota,55578
39000,Ohio,47991
40000,Oklahoma,45944
41000,Oregon,49576
42000,Pennsylvania,54393
44000,Rhode Island,52662
45000,South Carolina,44210
46000,South Dakota,55333
47000,Tennessee,46965
48000,Texas,50771
49000,Utah,46476
50000,Vermont,52034
51000,Virginia,54022
53000,Washington,60271
54000,West Virginia,41135
55000,Wisconsin,49075
56000,Wyoming,56913
