"SAINC51 Disposable Personal Income Summary: Disposable Personal Income, Population, and Per Capita Disposable Personal Income",,
Per capita disposable personal income (Dollars) 2/ ,,
Bureau of Economic Analysis ,,
State or DC,,
GeoFips,GeoName,2020
0,United States *,52531
1000,Alabama,41521
2000,Alaska,58950
4000,Arizona,46552
5000,Arkansas,43345
6000,California,60593
8000,Colorado,56643
9000,Connecticut,66304
10000,Delaware,49549
11000,District of Columbia,75991
12000,Florida,50575
13000,Georgia,46500
15000,Hawaii,51236
16000,Idaho,43639
17000,Illinois,54552
18000,Indiana,46660
19000,Iowa,47831
20000,Kansas,50198
21000,Kentucky,42467
22000,Louisiana,46712
23000,Maine,48503
24000,Maryland,56734
25000,Massachusetts,65751
26000,Michigan,47500
27000,Minnesota,53928
28000,Mississippi,39214
29000,Missouri,46576
30000,Montana,47878
31000,Nebraska,51429
32000,Nevada,49146
33000,New Hampshire,60205
34000,New Jersey,61290
35000,New Mexico,42576
36000,New York,60225
37000,North Carolina,45679
38000,North Dakota,55578
39000,Ohio,47991
40000,Oklahoma,45944
41000,Oregon,49576
42000,Pennsylvania,54393
44000,Rhode Island,52662
45000,South Carolina,44210
46000,South Dakota,55333
47000,Tennessee,46965
48000,Texas,50771
49000,Utah,46476
50000,Vermont,52034
51000,Virginia,54022
53000,Washington,60271
54000,West Virginia,41135
55000,Wisconsin,49075
56000,Wyoming,56913
91000,New England,62287
92000,Mideast,58492
93000,Great Lakes,49603
94000,Plains,50319
95000,Southeast,47119
96000,Southwest,49199
97000,Rocky Mountain,51335
98000,Far West *,58837
Legend / Footnotes:,,
"2/ Per capita disposable personal income is total disposable personal income divided by total midyear population. BEA produced intercensal population figures for 2010 to 2019 that are tied to the Census Bureau decennial counts for 2010 and 2020 to create consistent time series that are used to prepare per capita personal income statistics. BEA used the Census Bureau Das Gupta method (see https://www2.census.gov/programs-surveys/popest/technical-documentation/methodology/intercensal/2000-2010-intercensal-estimates-methodology.pdf), modified to account for an extra leap year day, to produce the intercensal population figures that will be used until Census releases its official intercensal population data.",,
* Alaska and Hawaii are included in the U.S. and Far West region totals for 1950-59. Disposable personal income is not available for 1950-59 for Alaska and Hawaii.,,
Note. All dollar estimates are in millions of current dollars (not adjusted for inflation). Calculations are performed on unrounded data.,,
"Last updated: March 23, 2022—preliminary statistics for 2021; revised statistics for 2010-2020.",,
