"SAPCE2 Per capita personal consumption expenditures (PCE) by major type of product 1/"
"Per capita personal consumption expenditures (PCE) by state (Dollars)" 
"Bureau of Economic Analysis" 
"State or DC"
"GeoFips","GeoName","2020"
"00000","United States",42635
"01000","Alabama",35859
"02000","Alaska",48739
"04000","Arizona",38684
"05000","Arkansas",34479
"06000","California",46636
"08000","Colorado",46642
"09000","Connecticut",50437
"10000","Delaware",45434
"11000","District of Columbia",65169
"12000","Florida",43615
"13000","Georgia",38165
"15000","Hawaii",45080
"16000","Idaho",35459
"17000","Illinois",43981
"18000","Indiana",38097
"19000","Iowa",37586
"20000","Kansas",38845
"21000","Kentucky",36574
"22000","Louisiana",37354
"23000","Maine",45272
"24000","Maryland",44331
"25000","Massachusetts",52001
"26000","Michigan",41274
"27000","Minnesota",44403
"28000","Mississippi",32358
"29000","Missouri",39999
"30000","Montana",42310
"31000","Nebraska",41142
"32000","Nevada",39211
"33000","New Hampshire",51760
"34000","New Jersey",50221
"35000","New Mexico",35264
"36000","New York",49735
"37000","North Carolina",38295
"38000","North Dakota",43945
"39000","Ohio",39866
"40000","Oklahoma",34533
"41000","Oregon",42055
"42000","Pennsylvania",44650
"44000","Rhode Island",42944
"45000","South Carolina",37554
"46000","South Dakota",41825
"47000","Tennessee",37499
"48000","Texas",39661
"49000","Utah",37369
"50000","Vermont",47397
"51000","Virginia",42757
"53000","Washington",46041
"54000","West Virginia",37206
"55000","Wisconsin",40963
"56000","Wyoming",42016
"91000","New England",50154
"92000","Mideast",47957
"93000","Great Lakes",41153
"94000","Plains",40966
"95000","Southeast",39324
"96000","Southwest",38799
"97000","Rocky Mountain",42024
"98000","Far West",45788
"Legend / Footnotes:"
"1/ Per capita PCE estimates are in current dollars, and reflect Census Bureau midyear population estimates for years 2010-2020 available as of December 2020. These population estimates are based on the 2010 census. BEA will incorporate Census Bureau midyear population estimates based on the 2020 census results when they become available. Per capita values are computed from unrounded data."
"Last updated: October 8, 2021-- new statistics for 2020; revised statistics for 1997-2019."
